filename,ipa,pct,time,formant,formant_value
bayed1_11.wav,eɪ,5%,0.14288718596033273,f1,392.126407495541
bayed1_11.wav,eɪ,5%,0.14288718596033273,f2,1974.8685554350996
bayed1_11.wav,eɪ,10%,0.15728323324199928,f1,415.3040875987748
bayed1_11.wav,eɪ,10%,0.15728323324199928,f2,2183.584070699064
bayed1_11.wav,eɪ,15%,0.17167928052366585,f1,390.06038678581285
bayed1_11.wav,eɪ,15%,0.17167928052366585,f2,2248.9934560584334
bayed1_11.wav,eɪ,20%,0.18607532780533242,f1,386.7762167293759
bayed1_11.wav,eɪ,20%,0.18607532780533242,f2,2381.522721479466
bayed1_11.wav,eɪ,25%,0.20047137508699897,f1,372.46407939590813
bayed1_11.wav,eɪ,25%,0.20047137508699897,f2,2418.119378758578
bayed1_11.wav,eɪ,30%,0.21486742236866554,f1,368.17035818508697
bayed1_11.wav,eɪ,30%,0.21486742236866554,f2,2491.759472497324
bayed1_11.wav,eɪ,35%,0.22926346965033212,f1,360.83332221581526
bayed1_11.wav,eɪ,35%,0.22926346965033212,f2,2488.83129544131
bayed1_11.wav,eɪ,40%,0.24365951693199867,f1,349.9042094955483
bayed1_11.wav,eɪ,40%,0.24365951693199867,f2,2526.9031143713387
bayed1_11.wav,eɪ,45%,0.25805556421366527,f1,341.61909729425065
bayed1_11.wav,eɪ,45%,0.25805556421366527,f2,2531.6718690856846
bayed1_11.wav,eɪ,50%,0.2724516114953318,f1,336.408633017902
bayed1_11.wav,eɪ,50%,0.2724516114953318,f2,2573.300640506423
bayed1_11.wav,eɪ,55%,0.28684765877699836,f1,335.273229480496
bayed1_11.wav,eɪ,55%,0.28684765877699836,f2,2594.447583342315
bayed1_11.wav,eɪ,60%,0.3012437060586649,f1,332.07176465759653
bayed1_11.wav,eɪ,60%,0.3012437060586649,f2,2611.780417221928
bayed1_11.wav,eɪ,65%,0.31563975334033145,f1,326.9637873940733
bayed1_11.wav,eɪ,65%,0.31563975334033145,f2,2590.7204484213657
bayed1_11.wav,eɪ,70%,0.33003580062199805,f1,316.5414342947913
bayed1_11.wav,eɪ,70%,0.33003580062199805,f2,2579.132821448248
bayed1_11.wav,eɪ,75%,0.3444318479036646,f1,310.6850495227803
bayed1_11.wav,eɪ,75%,0.3444318479036646,f2,2542.6851440589157
bayed1_11.wav,eɪ,80%,0.3588278951853312,f1,306.4432490185901
bayed1_11.wav,eɪ,80%,0.3588278951853312,f2,2560.2151226582614
bayed1_11.wav,eɪ,85%,0.37322394246699775,f1,291.1759922603313
bayed1_11.wav,eɪ,85%,0.37322394246699775,f2,2568.804943364882
bayed1_11.wav,eɪ,90%,0.3876199897486643,f1,289.961721719412
bayed1_11.wav,eɪ,90%,0.3876199897486643,f2,2548.638030846004
bayed1_11.wav,eɪ,95%,0.40201603703033084,f1,294.40843884992677
bayed1_11.wav,eɪ,95%,0.40201603703033084,f2,2516.739090982239
bayed2_11.wav,eɪ,5%,0.17785783309653388,f1,433.2031704816306
bayed2_11.wav,eɪ,5%,0.17785783309653388,f2,2030.1847684520253
bayed2_11.wav,eɪ,10%,0.1934714019032226,f1,411.76953801825476
bayed2_11.wav,eɪ,10%,0.1934714019032226,f2,2369.368736124789
bayed2_11.wav,eɪ,15%,0.2090849707099113,f1,405.0750648406311
bayed2_11.wav,eɪ,15%,0.2090849707099113,f2,2466.703756779599
bayed2_11.wav,eɪ,20%,0.22469853951660002,f1,403.6373291694484
bayed2_11.wav,eɪ,20%,0.22469853951660002,f2,2498.068404299707
bayed2_11.wav,eɪ,25%,0.2403121083232887,f1,387.1750387273105
bayed2_11.wav,eɪ,25%,0.2403121083232887,f2,2509.571299305863
bayed2_11.wav,eɪ,30%,0.25592567712997744,f1,355.52482298881637
bayed2_11.wav,eɪ,30%,0.25592567712997744,f2,2521.970957978685
bayed2_11.wav,eɪ,35%,0.2715392459366661,f1,355.80983728126796
bayed2_11.wav,eɪ,35%,0.2715392459366661,f2,2610.6846969782923
bayed2_11.wav,eɪ,40%,0.28715281474335486,f1,352.35245140147043
bayed2_11.wav,eɪ,40%,0.28715281474335486,f2,2611.9212337050103
bayed2_11.wav,eɪ,45%,0.30276638355004354,f1,336.91481457010747
bayed2_11.wav,eɪ,45%,0.30276638355004354,f2,2600.404273671447
bayed2_11.wav,eɪ,50%,0.3183799523567322,f1,331.2972486863015
bayed2_11.wav,eɪ,50%,0.3183799523567322,f2,2611.63357894901
bayed2_11.wav,eɪ,55%,0.33399352116342096,f1,325.4398485077105
bayed2_11.wav,eɪ,55%,0.33399352116342096,f2,2651.0465921576256
bayed2_11.wav,eɪ,60%,0.3496070899701097,f1,322.84322097407636
bayed2_11.wav,eɪ,60%,0.3496070899701097,f2,2646.782352972476
bayed2_11.wav,eɪ,65%,0.3652206587767984,f1,315.1443405561593
bayed2_11.wav,eɪ,65%,0.3652206587767984,f2,2651.4521321952866
bayed2_11.wav,eɪ,70%,0.38083422758348706,f1,297.79367377820984
bayed2_11.wav,eɪ,70%,0.38083422758348706,f2,2625.8041954248088
bayed2_11.wav,eɪ,75%,0.3964477963901758,f1,294.23362552158466
bayed2_11.wav,eɪ,75%,0.3964477963901758,f2,2608.987006957349
bayed2_11.wav,eɪ,80%,0.41206136519686454,f1,287.8827011841553
bayed2_11.wav,eɪ,80%,0.41206136519686454,f2,2550.322442876869
bayed2_11.wav,eɪ,85%,0.4276749340035532,f1,280.28888825919176
bayed2_11.wav,eɪ,85%,0.4276749340035532,f2,2446.80748830594
bayed2_11.wav,eɪ,90%,0.4432885028102419,f1,278.55073975553125
bayed2_11.wav,eɪ,90%,0.4432885028102419,f2,2566.075043847312
bayed2_11.wav,eɪ,95%,0.45890207161693064,f1,270.2498890809836
bayed2_11.wav,eɪ,95%,0.45890207161693064,f2,2481.866994952599
bayed3_11.wav,eɪ,5%,0.10407295477738938,f1,389.2753166851829
bayed3_11.wav,eɪ,5%,0.10407295477738938,f2,2397.4271796766625
bayed3_11.wav,eɪ,10%,0.11887988196947638,f1,423.56228352476296
bayed3_11.wav,eɪ,10%,0.11887988196947638,f2,2361.708829546817
bayed3_11.wav,eɪ,15%,0.13368680916156336,f1,398.06537416687763
bayed3_11.wav,eɪ,15%,0.13368680916156336,f2,2402.0711542353024
bayed3_11.wav,eɪ,20%,0.14849373635365037,f1,391.46963020267935
bayed3_11.wav,eɪ,20%,0.14849373635365037,f2,2540.906920195301
bayed3_11.wav,eɪ,25%,0.16330066354573736,f1,376.7774748368934
bayed3_11.wav,eɪ,25%,0.16330066354573736,f2,2470.513880389088
bayed3_11.wav,eɪ,30%,0.17810759073782434,f1,376.49519491347235
bayed3_11.wav,eɪ,30%,0.17810759073782434,f2,2459.42340618671
bayed3_11.wav,eɪ,35%,0.19291451792991135,f1,361.22251294324604
bayed3_11.wav,eɪ,35%,0.19291451792991135,f2,2500.8901718324255
bayed3_11.wav,eɪ,40%,0.20772144512199836,f1,345.4539805545639
bayed3_11.wav,eɪ,40%,0.20772144512199836,f2,2525.421434112261
bayed3_11.wav,eɪ,45%,0.22252837231408534,f1,339.76114886377445
bayed3_11.wav,eɪ,45%,0.22252837231408534,f2,2547.7732476581095
bayed3_11.wav,eɪ,50%,0.23733529950617233,f1,338.3962948931714
bayed3_11.wav,eɪ,50%,0.23733529950617233,f2,2577.4784007188996
bayed3_11.wav,eɪ,55%,0.25214222669825936,f1,323.3403795484196
bayed3_11.wav,eɪ,55%,0.25214222669825936,f2,2572.2986493001395
bayed3_11.wav,eɪ,60%,0.26694915389034635,f1,323.88911730005236
bayed3_11.wav,eɪ,60%,0.26694915389034635,f2,2619.2694943060346
bayed3_11.wav,eɪ,65%,0.28175608108243333,f1,320.213334715588
bayed3_11.wav,eɪ,65%,0.28175608108243333,f2,2631.6631938509145
bayed3_11.wav,eɪ,70%,0.2965630082745203,f1,312.00039943909866
bayed3_11.wav,eɪ,70%,0.2965630082745203,f2,2623.570782489195
bayed3_11.wav,eɪ,75%,0.3113699354666073,f1,301.0089446302823
bayed3_11.wav,eɪ,75%,0.3113699354666073,f2,2632.898338301042
bayed3_11.wav,eɪ,80%,0.3261768626586943,f1,298.3552214320029
bayed3_11.wav,eɪ,80%,0.3261768626586943,f2,2608.605602952987
bayed3_11.wav,eɪ,85%,0.3409837898507813,f1,291.4221882914997
bayed3_11.wav,eɪ,85%,0.3409837898507813,f2,2578.934501831982
bayed3_11.wav,eɪ,90%,0.3557907170428683,f1,284.2635028206982
bayed3_11.wav,eɪ,90%,0.3557907170428683,f2,2584.853831546631
bayed3_11.wav,eɪ,95%,0.3705976442349553,f1,280.4977831694298
bayed3_11.wav,eɪ,95%,0.3705976442349553,f2,2581.668385297974
bayed4_11.wav,eɪ,5%,0.10528260325390927,f1,391.48084748763625
bayed4_11.wav,eɪ,5%,0.10528260325390927,f2,2169.396775762784
bayed4_11.wav,eɪ,10%,0.12057554228431873,f1,417.1415981646506
bayed4_11.wav,eɪ,10%,0.12057554228431873,f2,2257.0473287307323
bayed4_11.wav,eɪ,15%,0.13586848131472817,f1,392.49501014011366
bayed4_11.wav,eɪ,15%,0.13586848131472817,f2,2385.7012590785007
bayed4_11.wav,eɪ,20%,0.15116142034513763,f1,381.23979077039473
bayed4_11.wav,eɪ,20%,0.15116142034513763,f2,2403.6586941160563
bayed4_11.wav,eɪ,25%,0.1664543593755471,f1,383.7612983204714
bayed4_11.wav,eɪ,25%,0.1664543593755471,f2,2460.232017834822
bayed4_11.wav,eɪ,30%,0.18174729840595655,f1,374.75411875708875
bayed4_11.wav,eɪ,30%,0.18174729840595655,f2,2450.3489810718397
bayed4_11.wav,eɪ,35%,0.197040237436366,f1,357.22289845682883
bayed4_11.wav,eɪ,35%,0.197040237436366,f2,2460.955927633286
bayed4_11.wav,eɪ,40%,0.21233317646677546,f1,347.46061924682874
bayed4_11.wav,eɪ,40%,0.21233317646677546,f2,2501.244241102738
bayed4_11.wav,eɪ,45%,0.22762611549718492,f1,341.3204624199392
bayed4_11.wav,eɪ,45%,0.22762611549718492,f2,2505.029763525724
bayed4_11.wav,eɪ,50%,0.24291905452759438,f1,337.4701673978703
bayed4_11.wav,eɪ,50%,0.24291905452759438,f2,2533.1604252496727
bayed4_11.wav,eɪ,55%,0.25821199355800384,f1,327.39352767019534
bayed4_11.wav,eɪ,55%,0.25821199355800384,f2,2560.5820421514286
bayed4_11.wav,eɪ,60%,0.2735049325884133,f1,319.77916676267097
bayed4_11.wav,eɪ,60%,0.2735049325884133,f2,2548.880688095431
bayed4_11.wav,eɪ,65%,0.28879787161882275,f1,315.48339345727084
bayed4_11.wav,eɪ,65%,0.28879787161882275,f2,2553.752812952773
bayed4_11.wav,eɪ,70%,0.3040908106492322,f1,313.16750597188496
bayed4_11.wav,eɪ,70%,0.3040908106492322,f2,2565.656612826012
bayed4_11.wav,eɪ,75%,0.31938374967964167,f1,306.26976969351256
bayed4_11.wav,eɪ,75%,0.31938374967964167,f2,2590.5789444566067
bayed4_11.wav,eɪ,80%,0.33467668871005113,f1,299.0527607503912
bayed4_11.wav,eɪ,80%,0.33467668871005113,f2,2612.5406700534104
bayed4_11.wav,eɪ,85%,0.3499696277404606,f1,290.1198262383987
bayed4_11.wav,eɪ,85%,0.3499696277404606,f2,2623.9419905602845
bayed4_11.wav,eɪ,90%,0.36526256677087005,f1,295.51267294108675
bayed4_11.wav,eɪ,90%,0.36526256677087005,f2,2545.1187185831554
bayed4_11.wav,eɪ,95%,0.3805555058012795,f1,286.202765026926
bayed4_11.wav,eɪ,95%,0.3805555058012795,f2,2478.6990509022116
bide1_11.wav,aɪ,5%,0.19071837913367107,f1,524.3176385274701
bide1_11.wav,aɪ,5%,0.19071837913367107,f2,1084.1041881876295
bide1_11.wav,aɪ,10%,0.20815400304388612,f1,638.3458058521687
bide1_11.wav,aɪ,10%,0.20815400304388612,f2,1068.3453806371106
bide1_11.wav,aɪ,15%,0.22558962695410115,f1,669.7925343945909
bide1_11.wav,aɪ,15%,0.22558962695410115,f2,1068.3627992488223
bide1_11.wav,aɪ,20%,0.2430252508643162,f1,647.2918585646698
bide1_11.wav,aɪ,20%,0.2430252508643162,f2,1102.4061515707183
bide1_11.wav,aɪ,25%,0.2604608747745312,f1,620.6891507547243
bide1_11.wav,aɪ,25%,0.2604608747745312,f2,1125.304478917837
bide1_11.wav,aɪ,30%,0.27789649868474625,f1,601.1239504791015
bide1_11.wav,aɪ,30%,0.27789649868474625,f2,1179.5112321963086
bide1_11.wav,aɪ,35%,0.2953321225949613,f1,628.9206102804802
bide1_11.wav,aɪ,35%,0.2953321225949613,f2,1211.2363540442475
bide1_11.wav,aɪ,40%,0.31276774650517636,f1,646.9898495229996
bide1_11.wav,aɪ,40%,0.31276774650517636,f2,1285.6112547462224
bide1_11.wav,aɪ,45%,0.3302033704153914,f1,656.1159239786028
bide1_11.wav,aɪ,45%,0.3302033704153914,f2,1327.1322247650255
bide1_11.wav,aɪ,50%,0.3476389943256064,f1,668.0257978268893
bide1_11.wav,aɪ,50%,0.3476389943256064,f2,1420.1791603572321
bide1_11.wav,aɪ,55%,0.36507461823582144,f1,650.9136184147304
bide1_11.wav,aɪ,55%,0.36507461823582144,f2,1500.899016291537
bide1_11.wav,aɪ,60%,0.38251024214603646,f1,604.9584271939079
bide1_11.wav,aɪ,60%,0.38251024214603646,f2,1597.4702268177455
bide1_11.wav,aɪ,65%,0.3999458660562515,f1,533.016364327041
bide1_11.wav,aɪ,65%,0.3999458660562515,f2,1748.9569135276042
bide1_11.wav,aɪ,70%,0.4173814899664665,f1,457.2060632860994
bide1_11.wav,aɪ,70%,0.4173814899664665,f2,1868.0081686169367
bide1_11.wav,aɪ,75%,0.4348171138766816,f1,405.36637845860207
bide1_11.wav,aɪ,75%,0.4348171138766816,f2,2020.0793328742784
bide1_11.wav,aɪ,80%,0.4522527377868966,f1,403.8020547549871
bide1_11.wav,aɪ,80%,0.4522527377868966,f2,2111.394394794074
bide1_11.wav,aɪ,85%,0.46968836169711164,f1,407.58851457448935
bide1_11.wav,aɪ,85%,0.46968836169711164,f2,2204.3890311516857
bide1_11.wav,aɪ,90%,0.48712398560732667,f1,370.45398650607757
bide1_11.wav,aɪ,90%,0.48712398560732667,f2,2348.6506429014476
bide1_11.wav,aɪ,95%,0.5045596095175418,f1,323.8795962896705
bide1_11.wav,aɪ,95%,0.5045596095175418,f2,2411.960969457945
bide2_11.wav,aɪ,5%,0.0936437571223319,f1,561.4537552436545
bide2_11.wav,aɪ,5%,0.0936437571223319,f2,1035.6062856606006
bide2_11.wav,aɪ,10%,0.11100391084241631,f1,669.9742087515601
bide2_11.wav,aɪ,10%,0.11100391084241631,f2,1068.6925556852545
bide2_11.wav,aɪ,15%,0.12836406456250074,f1,669.1176050589222
bide2_11.wav,aɪ,15%,0.12836406456250074,f2,1090.752456069171
bide2_11.wav,aɪ,20%,0.14572421828258517,f1,646.6598759740749
bide2_11.wav,aɪ,20%,0.14572421828258517,f2,1110.8715654375424
bide2_11.wav,aɪ,25%,0.1630843720026696,f1,625.967057176114
bide2_11.wav,aɪ,25%,0.1630843720026696,f2,1146.0431773201524
bide2_11.wav,aɪ,30%,0.180444525722754,f1,629.0959708309468
bide2_11.wav,aɪ,30%,0.180444525722754,f2,1203.813903337315
bide2_11.wav,aɪ,35%,0.19780467944283842,f1,690.4700106394532
bide2_11.wav,aɪ,35%,0.19780467944283842,f2,1235.043870760919
bide2_11.wav,aɪ,40%,0.21516483316292284,f1,695.1023886342977
bide2_11.wav,aɪ,40%,0.21516483316292284,f2,1280.4132133227802
bide2_11.wav,aɪ,45%,0.23252498688300727,f1,718.2135844392435
bide2_11.wav,aɪ,45%,0.23252498688300727,f2,1292.452491191299
bide2_11.wav,aɪ,50%,0.2498851406030917,f1,713.7422690766363
bide2_11.wav,aɪ,50%,0.2498851406030917,f2,1363.9988530112096
bide2_11.wav,aɪ,55%,0.2672452943231761,f1,703.1483347044104
bide2_11.wav,aɪ,55%,0.2672452943231761,f2,1499.9416979571995
bide2_11.wav,aɪ,60%,0.28460544804326054,f1,661.4251866064927
bide2_11.wav,aɪ,60%,0.28460544804326054,f2,1593.6045793205747
bide2_11.wav,aɪ,65%,0.30196560176334497,f1,621.100637846989
bide2_11.wav,aɪ,65%,0.30196560176334497,f2,1702.7312268778276
bide2_11.wav,aɪ,70%,0.3193257554834294,f1,554.8691212630134
bide2_11.wav,aɪ,70%,0.3193257554834294,f2,1831.49145117929
bide2_11.wav,aɪ,75%,0.3366859092035138,f1,484.68555338650543
bide2_11.wav,aɪ,75%,0.3366859092035138,f2,2016.9753017682242
bide2_11.wav,aɪ,80%,0.35404606292359825,f1,391.5279759582774
bide2_11.wav,aɪ,80%,0.35404606292359825,f2,2167.456641787024
bide2_11.wav,aɪ,85%,0.3714062166436827,f1,391.15891175132964
bide2_11.wav,aɪ,85%,0.3714062166436827,f2,2239.524958378573
bide2_11.wav,aɪ,90%,0.3887663703637671,f1,392.432683747081
bide2_11.wav,aɪ,90%,0.3887663703637671,f2,2392.208980000058
bide2_11.wav,aɪ,95%,0.4061265240838515,f1,353.84507923995477
bide2_11.wav,aɪ,95%,0.4061265240838515,f2,2448.1262827231344
bide3_11.wav,aɪ,5%,0.11349114297952506,f1,537.8212256974961
bide3_11.wav,aɪ,5%,0.11349114297952506,f2,1050.503249488366
bide3_11.wav,aɪ,10%,0.1307320330091679,f1,658.059614239569
bide3_11.wav,aɪ,10%,0.1307320330091679,f2,1066.8933095379955
bide3_11.wav,aɪ,15%,0.1479729230388107,f1,687.5823900333786
bide3_11.wav,aɪ,15%,0.1479729230388107,f2,1090.1287426557371
bide3_11.wav,aɪ,20%,0.16521381306845356,f1,646.5715639486266
bide3_11.wav,aɪ,20%,0.16521381306845356,f2,1097.1299179110845
bide3_11.wav,aɪ,25%,0.18245470309809642,f1,606.3301130817066
bide3_11.wav,aɪ,25%,0.18245470309809642,f2,1102.363560100374
bide3_11.wav,aɪ,30%,0.1996955931277392,f1,607.4962437316805
bide3_11.wav,aɪ,30%,0.1996955931277392,f2,1128.5401357560067
bide3_11.wav,aɪ,35%,0.21693648315738207,f1,638.2906506566704
bide3_11.wav,aɪ,35%,0.21693648315738207,f2,1146.5632094952932
bide3_11.wav,aɪ,40%,0.23417737318702492,f1,683.1647827315616
bide3_11.wav,aɪ,40%,0.23417737318702492,f2,1203.5982410479094
bide3_11.wav,aɪ,45%,0.2514182632166677,f1,678.6420963470118
bide3_11.wav,aɪ,45%,0.2514182632166677,f2,1286.4067189895652
bide3_11.wav,aɪ,50%,0.26865915324631057,f1,674.7530004829296
bide3_11.wav,aɪ,50%,0.26865915324631057,f2,1384.5019878268633
bide3_11.wav,aɪ,55%,0.2859000432759534,f1,665.1015113652559
bide3_11.wav,aɪ,55%,0.2859000432759534,f2,1440.6258335171046
bide3_11.wav,aɪ,60%,0.3031409333055962,f1,637.104105003215
bide3_11.wav,aɪ,60%,0.3031409333055962,f2,1558.9303198394373
bide3_11.wav,aɪ,65%,0.32038182333523907,f1,593.5180852438522
bide3_11.wav,aɪ,65%,0.32038182333523907,f2,1728.7562271049928
bide3_11.wav,aɪ,70%,0.3376227133648819,f1,564.9844819628695
bide3_11.wav,aɪ,70%,0.3376227133648819,f2,1800.1932210355815
bide3_11.wav,aɪ,75%,0.3548636033945247,f1,494.83719754984395
bide3_11.wav,aɪ,75%,0.3548636033945247,f2,1929.4921323707915
bide3_11.wav,aɪ,80%,0.37210449342416757,f1,376.78550093527946
bide3_11.wav,aɪ,80%,0.37210449342416757,f2,2060.066165056829
bide3_11.wav,aɪ,85%,0.3893453834538104,f1,391.4315447735547
bide3_11.wav,aɪ,85%,0.3893453834538104,f2,2047.47854893912
bide3_11.wav,aɪ,90%,0.4065862734834532,f1,399.8696277800128
bide3_11.wav,aɪ,90%,0.4065862734834532,f2,2126.5143704167235
bide3_11.wav,aɪ,95%,0.4238271635130961,f1,371.40297344562816
bide3_11.wav,aɪ,95%,0.4238271635130961,f2,2406.4847759824415
bide4_11.wav,aɪ,5%,0.08876767542533592,f1,500.5866532401664
bide4_11.wav,aɪ,5%,0.08876767542533592,f2,1163.272398256186
bide4_11.wav,aɪ,10%,0.10604144475222865,f1,664.4389342472522
bide4_11.wav,aɪ,10%,0.10604144475222865,f2,1195.1172309999963
bide4_11.wav,aɪ,15%,0.12331521407912137,f1,689.7810115414732
bide4_11.wav,aɪ,15%,0.12331521407912137,f2,1187.5979526074798
bide4_11.wav,aɪ,20%,0.1405889834060141,f1,667.4744671206884
bide4_11.wav,aɪ,20%,0.1405889834060141,f2,1144.3762128795502
bide4_11.wav,aɪ,25%,0.15786275273290684,f1,634.0026376375013
bide4_11.wav,aɪ,25%,0.15786275273290684,f2,1117.6245730284209
bide4_11.wav,aɪ,30%,0.17513652205979954,f1,667.4389455237593
bide4_11.wav,aɪ,30%,0.17513652205979954,f2,1166.7888044121376
bide4_11.wav,aɪ,35%,0.19241029138669227,f1,670.6495001783562
bide4_11.wav,aɪ,35%,0.19241029138669227,f2,1199.8642705041254
bide4_11.wav,aɪ,40%,0.209684060713585,f1,681.0867928722074
bide4_11.wav,aɪ,40%,0.209684060713585,f2,1238.8217112002585
bide4_11.wav,aɪ,45%,0.22695783004047773,f1,678.556099809999
bide4_11.wav,aɪ,45%,0.22695783004047773,f2,1297.4650023015051
bide4_11.wav,aɪ,50%,0.24423159936737046,f1,671.4588687890713
bide4_11.wav,aɪ,50%,0.24423159936737046,f2,1347.5281963935709
bide4_11.wav,aɪ,55%,0.2615053686942632,f1,642.0108565987763
bide4_11.wav,aɪ,55%,0.2615053686942632,f2,1432.3149126311926
bide4_11.wav,aɪ,60%,0.2787791380211559,f1,657.7938903856353
bide4_11.wav,aɪ,60%,0.2787791380211559,f2,1527.564842196215
bide4_11.wav,aɪ,65%,0.2960529073480486,f1,601.2614003546993
bide4_11.wav,aɪ,65%,0.2960529073480486,f2,1678.343891054742
bide4_11.wav,aɪ,70%,0.31332667667494135,f1,505.2518671702623
bide4_11.wav,aɪ,70%,0.31332667667494135,f2,1727.1794149208347
bide4_11.wav,aɪ,75%,0.3306004460018341,f1,388.741937876229
bide4_11.wav,aɪ,75%,0.3306004460018341,f2,1850.5544446669412
bide4_11.wav,aɪ,80%,0.3478742153287268,f1,350.3638113741677
bide4_11.wav,aɪ,80%,0.3478742153287268,f2,1942.1329576163698
bide4_11.wav,aɪ,85%,0.36514798465561954,f1,343.7193375479123
bide4_11.wav,aɪ,85%,0.36514798465561954,f2,2069.2926625638956
bide4_11.wav,aɪ,90%,0.38242175398251227,f1,382.07046331178464
bide4_11.wav,aɪ,90%,0.38242175398251227,f2,2457.170882500796
bide4_11.wav,aɪ,95%,0.399695523309405,f1,347.8833527617922
bide4_11.wav,aɪ,95%,0.399695523309405,f2,2484.9794202484404
bode1_11.wav,oʊ,5%,0.26219673207819155,f1,490.134287370209
bode1_11.wav,oʊ,5%,0.26219673207819155,f2,1153.3109309974675
bode1_11.wav,oʊ,10%,0.2796146729796953,f1,562.8363487675188
bode1_11.wav,oʊ,10%,0.2796146729796953,f2,1192.6027914686547
bode1_11.wav,oʊ,15%,0.29703261388119906,f1,566.1553200660585
bode1_11.wav,oʊ,15%,0.29703261388119906,f2,1176.1407528533352
bode1_11.wav,oʊ,20%,0.31445055478270284,f1,564.2110214933751
bode1_11.wav,oʊ,20%,0.31445055478270284,f2,1185.4462968460011
bode1_11.wav,oʊ,25%,0.3318684956842066,f1,552.1033776365989
bode1_11.wav,oʊ,25%,0.3318684956842066,f2,1225.3216266480442
bode1_11.wav,oʊ,30%,0.34928643658571035,f1,537.1888228707695
bode1_11.wav,oʊ,30%,0.34928643658571035,f2,1212.676260184049
bode1_11.wav,oʊ,35%,0.36670437748721413,f1,520.391563675302
bode1_11.wav,oʊ,35%,0.36670437748721413,f2,1196.5710701473163
bode1_11.wav,oʊ,40%,0.3841223183887179,f1,507.0760512962697
bode1_11.wav,oʊ,40%,0.3841223183887179,f2,1194.7999947628084
bode1_11.wav,oʊ,45%,0.40154025929022163,f1,484.02309965722367
bode1_11.wav,oʊ,45%,0.40154025929022163,f2,1167.3668046868545
bode1_11.wav,oʊ,50%,0.4189582001917254,f1,458.27096025327234
bode1_11.wav,oʊ,50%,0.4189582001917254,f2,1115.6007338339718
bode1_11.wav,oʊ,55%,0.4363761410932292,f1,438.3324657015949
bode1_11.wav,oʊ,55%,0.4363761410932292,f2,1091.0707518884687
bode1_11.wav,oʊ,60%,0.4537940819947329,f1,410.45828242405895
bode1_11.wav,oʊ,60%,0.4537940819947329,f2,1065.6830093606013
bode1_11.wav,oʊ,65%,0.4712120228962367,f1,399.4522605355194
bode1_11.wav,oʊ,65%,0.4712120228962367,f2,1054.667577073495
bode1_11.wav,oʊ,70%,0.4886299637977405,f1,387.67155852056237
bode1_11.wav,oʊ,70%,0.4886299637977405,f2,1024.6343096185867
bode1_11.wav,oʊ,75%,0.5060479046992442,f1,368.21659254834304
bode1_11.wav,oʊ,75%,0.5060479046992442,f2,1033.6285318990908
bode1_11.wav,oʊ,80%,0.5234658456007479,f1,352.0564987009094
bode1_11.wav,oʊ,80%,0.5234658456007479,f2,1072.2456761100452
bode1_11.wav,oʊ,85%,0.5408837865022518,f1,339.58473655594656
bode1_11.wav,oʊ,85%,0.5408837865022518,f2,1082.2084459841942
bode1_11.wav,oʊ,90%,0.5583017274037555,f1,323.3238155360955
bode1_11.wav,oʊ,90%,0.5583017274037555,f2,1235.9659032084357
bode1_11.wav,oʊ,95%,0.5757196683052592,f1,302.3579461890619
bode1_11.wav,oʊ,95%,0.5757196683052592,f2,1438.8753435987403
bode2_11.wav,oʊ,5%,0.07950419243337224,f1,535.0687271508008
bode2_11.wav,oʊ,5%,0.07950419243337224,f2,1226.5140174864653
bode2_11.wav,oʊ,10%,0.09723074712086271,f1,580.7222722235063
bode2_11.wav,oʊ,10%,0.09723074712086271,f2,1276.7675880735508
bode2_11.wav,oʊ,15%,0.1149573018083532,f1,591.6045037147632
bode2_11.wav,oʊ,15%,0.1149573018083532,f2,1282.719849004967
bode2_11.wav,oʊ,20%,0.1326838564958437,f1,583.0106378620255
bode2_11.wav,oʊ,20%,0.1326838564958437,f2,1268.0754653686702
bode2_11.wav,oʊ,25%,0.15041041118333415,f1,545.7299192851345
bode2_11.wav,oʊ,25%,0.15041041118333415,f2,1249.813994266956
bode2_11.wav,oʊ,30%,0.16813696587082463,f1,519.0025692054984
bode2_11.wav,oʊ,30%,0.16813696587082463,f2,1236.4961267187805
bode2_11.wav,oʊ,35%,0.18586352055831512,f1,499.3687128126525
bode2_11.wav,oʊ,35%,0.18586352055831512,f2,1211.9707249544904
bode2_11.wav,oʊ,40%,0.20359007524580558,f1,482.55504505638027
bode2_11.wav,oʊ,40%,0.20359007524580558,f2,1196.5496282586082
bode2_11.wav,oʊ,45%,0.22131662993329607,f1,464.18238882083716
bode2_11.wav,oʊ,45%,0.22131662993329607,f2,1152.1405503272472
bode2_11.wav,oʊ,50%,0.23904318462078653,f1,456.9935285730466
bode2_11.wav,oʊ,50%,0.23904318462078653,f2,1097.735479096302
bode2_11.wav,oʊ,55%,0.256769739308277,f1,441.24025702749645
bode2_11.wav,oʊ,55%,0.256769739308277,f2,1071.3051984205365
bode2_11.wav,oʊ,60%,0.27449629399576747,f1,417.2901526787432
bode2_11.wav,oʊ,60%,0.27449629399576747,f2,1041.8464387380054
bode2_11.wav,oʊ,65%,0.292222848683258,f1,397.6834920830896
bode2_11.wav,oʊ,65%,0.292222848683258,f2,1008.2693488688464
bode2_11.wav,oʊ,70%,0.30994940337074844,f1,371.0059018137468
bode2_11.wav,oʊ,70%,0.30994940337074844,f2,989.2561770877838
bode2_11.wav,oʊ,75%,0.3276759580582389,f1,352.25068300329787
bode2_11.wav,oʊ,75%,0.3276759580582389,f2,980.5362253662879
bode2_11.wav,oʊ,80%,0.3454025127457294,f1,342.5015937215813
bode2_11.wav,oʊ,80%,0.3454025127457294,f2,969.159694633334
bode2_11.wav,oʊ,85%,0.3631290674332198,f1,323.8530021072908
bode2_11.wav,oʊ,85%,0.3631290674332198,f2,1047.065640219251
bode2_11.wav,oʊ,90%,0.38085562212071034,f1,309.49154740707
bode2_11.wav,oʊ,90%,0.38085562212071034,f2,1133.3695107767
bode2_11.wav,oʊ,95%,0.39858217680820085,f1,297.61164192180553
bode2_11.wav,oʊ,95%,0.39858217680820085,f2,1343.6868103721786
bode3_11.wav,oʊ,5%,0.08340841384570177,f1,493.11268977441824
bode3_11.wav,oʊ,5%,0.08340841384570177,f2,1200.6622784885637
bode3_11.wav,oʊ,10%,0.10080282038980762,f1,563.2368658963447
bode3_11.wav,oʊ,10%,0.10080282038980762,f2,1219.4329142108545
bode3_11.wav,oʊ,15%,0.11819722693391346,f1,581.4035658449753
bode3_11.wav,oʊ,15%,0.11819722693391346,f2,1227.625792743562
bode3_11.wav,oʊ,20%,0.1355916334780193,f1,571.6249002257285
bode3_11.wav,oʊ,20%,0.1355916334780193,f2,1261.3288682346715
bode3_11.wav,oʊ,25%,0.15298604002212515,f1,551.240723709365
bode3_11.wav,oʊ,25%,0.15298604002212515,f2,1245.7886661241048
bode3_11.wav,oʊ,30%,0.170380446566231,f1,514.181174552444
bode3_11.wav,oʊ,30%,0.170380446566231,f2,1238.720922437643
bode3_11.wav,oʊ,35%,0.18777485311033684,f1,498.7699726207435
bode3_11.wav,oʊ,35%,0.18777485311033684,f2,1207.1532779285803
bode3_11.wav,oʊ,40%,0.2051692596544427,f1,486.05244471368985
bode3_11.wav,oʊ,40%,0.2051692596544427,f2,1187.8031193676716
bode3_11.wav,oʊ,45%,0.22256366619854853,f1,469.88546109922095
bode3_11.wav,oʊ,45%,0.22256366619854853,f2,1128.3247959213159
bode3_11.wav,oʊ,50%,0.23995807274265438,f1,452.83259719398626
bode3_11.wav,oʊ,50%,0.23995807274265438,f2,1075.32761330197
bode3_11.wav,oʊ,55%,0.2573524792867602,f1,435.7480320601198
bode3_11.wav,oʊ,55%,0.2573524792867602,f2,1046.1349511802453
bode3_11.wav,oʊ,60%,0.27474688583086604,f1,418.65702743375914
bode3_11.wav,oʊ,60%,0.27474688583086604,f2,994.0727119334894
bode3_11.wav,oʊ,65%,0.2921412923749719,f1,392.0695760598856
bode3_11.wav,oʊ,65%,0.2921412923749719,f2,996.6621808555054
bode3_11.wav,oʊ,70%,0.30953569891907773,f1,382.1853282786533
bode3_11.wav,oʊ,70%,0.30953569891907773,f2,990.4400926779593
bode3_11.wav,oʊ,75%,0.3269301054631836,f1,368.26036241330706
bode3_11.wav,oʊ,75%,0.3269301054631836,f2,974.1241221065038
bode3_11.wav,oʊ,80%,0.3443245120072894,f1,345.6958050414278
bode3_11.wav,oʊ,80%,0.3443245120072894,f2,967.7729321884023
bode3_11.wav,oʊ,85%,0.36171891855139526,f1,334.05225024598707
bode3_11.wav,oʊ,85%,0.36171891855139526,f2,1055.7114837413576
bode3_11.wav,oʊ,90%,0.3791133250955011,f1,325.6559294147522
bode3_11.wav,oʊ,90%,0.3791133250955011,f2,1157.2862521728564
bode3_11.wav,oʊ,95%,0.39650773163960695,f1,310.4967086580712
bode3_11.wav,oʊ,95%,0.39650773163960695,f2,1408.1782794922556
bode4_11.wav,oʊ,5%,0.08784903724119766,f1,491.6634175550222
bode4_11.wav,oʊ,5%,0.08784903724119766,f2,1259.27856751332
bode4_11.wav,oʊ,10%,0.1050528538404246,f1,553.8904947340026
bode4_11.wav,oʊ,10%,0.1050528538404246,f2,1295.2080324940787
bode4_11.wav,oʊ,15%,0.12225667043965155,f1,558.1961277359354
bode4_11.wav,oʊ,15%,0.12225667043965155,f2,1294.863804187466
bode4_11.wav,oʊ,20%,0.13946048703887848,f1,538.4659906424017
bode4_11.wav,oʊ,20%,0.13946048703887848,f2,1259.8053122872384
bode4_11.wav,oʊ,25%,0.15666430363810543,f1,502.20146576984484
bode4_11.wav,oʊ,25%,0.15666430363810543,f2,1229.6375692879237
bode4_11.wav,oʊ,30%,0.1738681202373324,f1,490.89687191845957
bode4_11.wav,oʊ,30%,0.1738681202373324,f2,1222.9570535325383
bode4_11.wav,oʊ,35%,0.19107193683655932,f1,480.55732086500086
bode4_11.wav,oʊ,35%,0.19107193683655932,f2,1199.601000739512
bode4_11.wav,oʊ,40%,0.20827575343578625,f1,471.77145824622494
bode4_11.wav,oʊ,40%,0.20827575343578625,f2,1194.4094091474367
bode4_11.wav,oʊ,45%,0.22547957003501318,f1,469.93157830040104
bode4_11.wav,oʊ,45%,0.22547957003501318,f2,1168.4221744019535
bode4_11.wav,oʊ,50%,0.24268338663424016,f1,460.55340899365467
bode4_11.wav,oʊ,50%,0.24268338663424016,f2,1143.393217839536
bode4_11.wav,oʊ,55%,0.2598872032334671,f1,453.7568101999503
bode4_11.wav,oʊ,55%,0.2598872032334671,f2,1099.7530499944733
bode4_11.wav,oʊ,60%,0.277091019832694,f1,428.38844787329185
bode4_11.wav,oʊ,60%,0.277091019832694,f2,1046.533972244324
bode4_11.wav,oʊ,65%,0.29429483643192095,f1,407.03174440644045
bode4_11.wav,oʊ,65%,0.29429483643192095,f2,1051.2495021649672
bode4_11.wav,oʊ,70%,0.31149865303114793,f1,393.4712662211661
bode4_11.wav,oʊ,70%,0.31149865303114793,f2,1038.4213437419912
bode4_11.wav,oʊ,75%,0.32870246963037486,f1,371.4051265305348
bode4_11.wav,oʊ,75%,0.32870246963037486,f2,1011.0060283587924
bode4_11.wav,oʊ,80%,0.3459062862296018,f1,349.11627777522426
bode4_11.wav,oʊ,80%,0.3459062862296018,f2,1049.0085485382442
bode4_11.wav,oʊ,85%,0.3631101028288287,f1,338.4837339951075
bode4_11.wav,oʊ,85%,0.3631101028288287,f2,1106.8625111312333
bode4_11.wav,oʊ,90%,0.38031391942805565,f1,329.3107717297633
bode4_11.wav,oʊ,90%,0.38031391942805565,f2,1213.3413422719484
bode4_11.wav,oʊ,95%,0.39751773602728263,f1,317.52950188235644
bode4_11.wav,oʊ,95%,0.39751773602728263,f2,1412.73996358413
bowed1_11.wav,aʊ,5%,0.10143477446805378,f1,524.2609666686817
bowed1_11.wav,aʊ,5%,0.10143477446805378,f2,1697.1352835883804
bowed1_11.wav,aʊ,10%,0.11965743025173772,f1,597.6298030238733
bowed1_11.wav,aʊ,10%,0.11965743025173772,f2,1746.9503648854188
bowed1_11.wav,aʊ,15%,0.13788008603542168,f1,685.1487157843129
bowed1_11.wav,aʊ,15%,0.13788008603542168,f2,1722.4154133307106
bowed1_11.wav,aʊ,20%,0.1561027418191056,f1,708.567593038241
bowed1_11.wav,aʊ,20%,0.1561027418191056,f2,1674.4889739500761
bowed1_11.wav,aʊ,25%,0.17432539760278956,f1,732.2345258259347
bowed1_11.wav,aʊ,25%,0.17432539760278956,f2,1619.8886254018582
bowed1_11.wav,aʊ,30%,0.19254805338647352,f1,754.9022642886016
bowed1_11.wav,aʊ,30%,0.19254805338647352,f2,1566.511707717964
bowed1_11.wav,aʊ,35%,0.21077070917015744,f1,748.8616235613988
bowed1_11.wav,aʊ,35%,0.21077070917015744,f2,1428.5835463950355
bowed1_11.wav,aʊ,40%,0.2289933649538414,f1,733.5483568898243
bowed1_11.wav,aʊ,40%,0.2289933649538414,f2,1375.477686554467
bowed1_11.wav,aʊ,45%,0.24721602073752535,f1,687.4530266011029
bowed1_11.wav,aʊ,45%,0.24721602073752535,f2,1315.0162731038333
bowed1_11.wav,aʊ,50%,0.2654386765212093,f1,657.7455142018217
bowed1_11.wav,aʊ,50%,0.2654386765212093,f2,1291.8331377494565
bowed1_11.wav,aʊ,55%,0.2836613323048932,f1,620.4734682042917
bowed1_11.wav,aʊ,55%,0.2836613323048932,f2,1253.2092786691478
bowed1_11.wav,aʊ,60%,0.3018839880885772,f1,573.0623666055891
bowed1_11.wav,aʊ,60%,0.3018839880885772,f2,1221.6702814654125
bowed1_11.wav,aʊ,65%,0.3201066438722611,f1,541.4780675426032
bowed1_11.wav,aʊ,65%,0.3201066438722611,f2,1207.3186391002193
bowed1_11.wav,aʊ,70%,0.33832929965594505,f1,510.79390451800606
bowed1_11.wav,aʊ,70%,0.33832929965594505,f2,1191.5349740398055
bowed1_11.wav,aʊ,75%,0.35655195543962903,f1,456.84450594092635
bowed1_11.wav,aʊ,75%,0.35655195543962903,f2,1170.4807386379339
bowed1_11.wav,aʊ,80%,0.37477461122331296,f1,426.8689163557541
bowed1_11.wav,aʊ,80%,0.37477461122331296,f2,1165.2970396522264
bowed1_11.wav,aʊ,85%,0.3929972670069969,f1,424.7468156566092
bowed1_11.wav,aʊ,85%,0.3929972670069969,f2,1189.6678912507393
bowed1_11.wav,aʊ,90%,0.41121992279068087,f1,419.1302517246792
bowed1_11.wav,aʊ,90%,0.41121992279068087,f2,1298.1576962323386
bowed1_11.wav,aʊ,95%,0.4294425785743648,f1,394.9090301158187
bowed1_11.wav,aʊ,95%,0.4294425785743648,f2,1331.3730808053904
bowed2_11.wav,aʊ,5%,0.23057422202796848,f1,549.0322176810229
bowed2_11.wav,aʊ,5%,0.23057422202796848,f2,1616.6458548086318
bowed2_11.wav,aʊ,10%,0.24960223536687112,f1,654.5909472930558
bowed2_11.wav,aʊ,10%,0.24960223536687112,f2,1658.0697844252
bowed2_11.wav,aʊ,15%,0.2686302487057738,f1,699.747259860583
bowed2_11.wav,aʊ,15%,0.2686302487057738,f2,1643.1995533786617
bowed2_11.wav,aʊ,20%,0.28765826204467637,f1,721.1459804616935
bowed2_11.wav,aʊ,20%,0.28765826204467637,f2,1620.3907567905917
bowed2_11.wav,aʊ,25%,0.30668627538357907,f1,737.6223517497017
bowed2_11.wav,aʊ,25%,0.30668627538357907,f2,1582.7214318786052
bowed2_11.wav,aʊ,30%,0.32571428872248165,f1,706.5416618839057
bowed2_11.wav,aʊ,30%,0.32571428872248165,f2,1549.1369045881852
bowed2_11.wav,aʊ,35%,0.34474230206138434,f1,690.49435848459
bowed2_11.wav,aʊ,35%,0.34474230206138434,f2,1541.9607244512267
bowed2_11.wav,aʊ,40%,0.3637703154002869,f1,661.1452614481748
bowed2_11.wav,aʊ,40%,0.3637703154002869,f2,1520.45475502674
bowed2_11.wav,aʊ,45%,0.3827983287391896,f1,603.6806174436767
bowed2_11.wav,aʊ,45%,0.3827983287391896,f2,1464.2238578436684
bowed2_11.wav,aʊ,50%,0.4018263420780922,f1,621.6827889016369
bowed2_11.wav,aʊ,50%,0.4018263420780922,f2,1388.008782525773
bowed2_11.wav,aʊ,55%,0.4208543554169949,f1,625.844791491866
bowed2_11.wav,aʊ,55%,0.4208543554169949,f2,1356.6185963600014
bowed2_11.wav,aʊ,60%,0.4398823687558975,f1,574.4072557536164
bowed2_11.wav,aʊ,60%,0.4398823687558975,f2,1285.5445366000163
bowed2_11.wav,aʊ,65%,0.4589103820948002,f1,562.4014618887155
bowed2_11.wav,aʊ,65%,0.4589103820948002,f2,1209.8576023475575
bowed2_11.wav,aʊ,70%,0.47793839543370276,f1,516.9867340739755
bowed2_11.wav,aʊ,70%,0.47793839543370276,f2,1172.7133366766634
bowed2_11.wav,aʊ,75%,0.49696640877260545,f1,462.6239986037315
bowed2_11.wav,aʊ,75%,0.49696640877260545,f2,1150.072561300343
bowed2_11.wav,aʊ,80%,0.515994422111508,f1,409.7566123294848
bowed2_11.wav,aʊ,80%,0.515994422111508,f2,1158.0356934122406
bowed2_11.wav,aʊ,85%,0.5350224354504107,f1,382.8430314284451
bowed2_11.wav,aʊ,85%,0.5350224354504107,f2,1171.582366455404
bowed2_11.wav,aʊ,90%,0.5540504487893133,f1,378.6817329230689
bowed2_11.wav,aʊ,90%,0.5540504487893133,f2,1282.095249783416
bowed2_11.wav,aʊ,95%,0.573078462128216,f1,382.45804527225033
bowed2_11.wav,aʊ,95%,0.573078462128216,f2,1456.792103235376
bowed3_11.wav,aʊ,5%,0.209556639277316,f1,649.6614705503957
bowed3_11.wav,aʊ,5%,0.209556639277316,f2,1559.4691352725777
bowed3_11.wav,aʊ,10%,0.22891768635302878,f1,731.419840794804
bowed3_11.wav,aʊ,10%,0.22891768635302878,f2,1595.6900751088954
bowed3_11.wav,aʊ,15%,0.2482787334287416,f1,744.4683713979667
bowed3_11.wav,aʊ,15%,0.2482787334287416,f2,1525.6789041862573
bowed3_11.wav,aʊ,20%,0.2676397805044544,f1,743.3130520168982
bowed3_11.wav,aʊ,20%,0.2676397805044544,f2,1452.7760589349161
bowed3_11.wav,aʊ,25%,0.2870008275801672,f1,748.5326862221654
bowed3_11.wav,aʊ,25%,0.2870008275801672,f2,1446.1496167074004
bowed3_11.wav,aʊ,30%,0.30636187465588005,f1,737.2138991351669
bowed3_11.wav,aʊ,30%,0.30636187465588005,f2,1448.2568654220195
bowed3_11.wav,aʊ,35%,0.3257229217315928,f1,704.6183210890675
bowed3_11.wav,aʊ,35%,0.3257229217315928,f2,1308.8866466866148
bowed3_11.wav,aʊ,40%,0.34508396880730563,f1,677.2547951087569
bowed3_11.wav,aʊ,40%,0.34508396880730563,f2,1386.3997414159842
bowed3_11.wav,aʊ,45%,0.3644450158830185,f1,646.7113504360434
bowed3_11.wav,aʊ,45%,0.3644450158830185,f2,1378.0358923827073
bowed3_11.wav,aʊ,50%,0.3838060629587312,f1,655.0581478114841
bowed3_11.wav,aʊ,50%,0.3838060629587312,f2,1347.5633692638128
bowed3_11.wav,aʊ,55%,0.40316711003444405,f1,619.2104227330132
bowed3_11.wav,aʊ,55%,0.40316711003444405,f2,1263.8003483858477
bowed3_11.wav,aʊ,60%,0.4225281571101569,f1,610.3145983539007
bowed3_11.wav,aʊ,60%,0.4225281571101569,f2,1192.9536792613108
bowed3_11.wav,aʊ,65%,0.44188920418586963,f1,576.4932654390657
bowed3_11.wav,aʊ,65%,0.44188920418586963,f2,1144.0340462654574
bowed3_11.wav,aʊ,70%,0.4612502512615825,f1,526.1835774496959
bowed3_11.wav,aʊ,70%,0.4612502512615825,f2,1121.2597208839761
bowed3_11.wav,aʊ,75%,0.4806112983372953,f1,464.7236911009406
bowed3_11.wav,aʊ,75%,0.4806112983372953,f2,1118.5475204804852
bowed3_11.wav,aʊ,80%,0.49997234541300806,f1,417.77613395324295
bowed3_11.wav,aʊ,80%,0.49997234541300806,f2,1133.6983404570728
bowed3_11.wav,aʊ,85%,0.5193333924887209,f1,409.09001628895766
bowed3_11.wav,aʊ,85%,0.5193333924887209,f2,1173.3953595456537
bowed3_11.wav,aʊ,90%,0.5386944395644337,f1,413.79141897897284
bowed3_11.wav,aʊ,90%,0.5386944395644337,f2,1254.9522044865346
bowed3_11.wav,aʊ,95%,0.5580554866401465,f1,379.3372687606533
bowed3_11.wav,aʊ,95%,0.5580554866401465,f2,1447.255351942147
bowed4_11.wav,aʊ,5%,0.15171771332356793,f1,619.4320141421846
bowed4_11.wav,aʊ,5%,0.15171771332356793,f2,1610.3538164388337
bowed4_11.wav,aʊ,10%,0.17209360763113787,f1,718.3180737031397
bowed4_11.wav,aʊ,10%,0.17209360763113787,f2,1610.5528637733396
bowed4_11.wav,aʊ,15%,0.19246950193870782,f1,735.9066336672021
bowed4_11.wav,aʊ,15%,0.19246950193870782,f2,1498.2316406690272
bowed4_11.wav,aʊ,20%,0.21284539624627774,f1,772.5890776376832
bowed4_11.wav,aʊ,20%,0.21284539624627774,f2,1418.0692234664198
bowed4_11.wav,aʊ,25%,0.23322129055384772,f1,731.2256868752795
bowed4_11.wav,aʊ,25%,0.23322129055384772,f2,1337.8222349362156
bowed4_11.wav,aʊ,30%,0.25359718486141763,f1,718.8249290944467
bowed4_11.wav,aʊ,30%,0.25359718486141763,f2,1457.6531900260147
bowed4_11.wav,aʊ,35%,0.2739730791689876,f1,743.4760314953432
bowed4_11.wav,aʊ,35%,0.2739730791689876,f2,1379.396092325964
bowed4_11.wav,aʊ,40%,0.29434897347655753,f1,767.5244164588248
bowed4_11.wav,aʊ,40%,0.29434897347655753,f2,1340.5726861844555
bowed4_11.wav,aʊ,45%,0.31472486778412745,f1,722.7364552686232
bowed4_11.wav,aʊ,45%,0.31472486778412745,f2,1340.8478852165035
bowed4_11.wav,aʊ,50%,0.3351007620916974,f1,687.9436279964867
bowed4_11.wav,aʊ,50%,0.3351007620916974,f2,1327.7733363143243
bowed4_11.wav,aʊ,55%,0.3554766563992674,f1,643.3276617540232
bowed4_11.wav,aʊ,55%,0.3554766563992674,f2,1293.4492677918774
bowed4_11.wav,aʊ,60%,0.3758525507068373,f1,613.6223778337045
bowed4_11.wav,aʊ,60%,0.3758525507068373,f2,1227.4980262591266
bowed4_11.wav,aʊ,65%,0.39622844501440724,f1,568.7495885571232
bowed4_11.wav,aʊ,65%,0.39622844501440724,f2,1175.975180444
bowed4_11.wav,aʊ,70%,0.41660433932197716,f1,513.8305755128595
bowed4_11.wav,aʊ,70%,0.41660433932197716,f2,1122.7826288911215
bowed4_11.wav,aʊ,75%,0.4369802336295472,f1,447.6091843328685
bowed4_11.wav,aʊ,75%,0.4369802336295472,f2,1107.760710270787
bowed4_11.wav,aʊ,80%,0.4573561279371171,f1,410.2348756497145
bowed4_11.wav,aʊ,80%,0.4573561279371171,f2,1102.8496898590656
bowed4_11.wav,aʊ,85%,0.477732022244687,f1,405.8634779118942
bowed4_11.wav,aʊ,85%,0.477732022244687,f2,1161.7960454026731
bowed4_11.wav,aʊ,90%,0.49810791655225695,f1,414.0553835413739
bowed4_11.wav,aʊ,90%,0.49810791655225695,f2,1293.0742419846456
bowed4_11.wav,aʊ,95%,0.5184838108598269,f1,377.08650156273933
bowed4_11.wav,aʊ,95%,0.5184838108598269,f2,1442.968651627825
boyd1_11.wav,ɔɪ,5%,0.3311580978717709,f1,408.4974016350718
boyd1_11.wav,ɔɪ,5%,0.3311580978717709,f2,918.5525283896037
boyd1_11.wav,ɔɪ,10%,0.34844209259582176,f1,420.7907096442604
boyd1_11.wav,ɔɪ,10%,0.34844209259582176,f2,858.9187023650137
boyd1_11.wav,ɔɪ,15%,0.3657260873198726,f1,417.77778084442934
boyd1_11.wav,ɔɪ,15%,0.3657260873198726,f2,811.0048749321883
boyd1_11.wav,ɔɪ,20%,0.3830100820439234,f1,426.12385686710354
boyd1_11.wav,ɔɪ,20%,0.3830100820439234,f2,774.2889789803016
boyd1_11.wav,ɔɪ,25%,0.40029407676797424,f1,435.3717793937258
boyd1_11.wav,ɔɪ,25%,0.40029407676797424,f2,788.4722920409309
boyd1_11.wav,ɔɪ,30%,0.4175780714920251,f1,415.3201118702728
boyd1_11.wav,ɔɪ,30%,0.4175780714920251,f2,790.558956081901
boyd1_11.wav,ɔɪ,35%,0.4348620662160759,f1,420.844464328689
boyd1_11.wav,ɔɪ,35%,0.4348620662160759,f2,777.9006651450711
boyd1_11.wav,ɔɪ,40%,0.45214606094012677,f1,423.67442660151744
boyd1_11.wav,ɔɪ,40%,0.45214606094012677,f2,792.8758190866057
boyd1_11.wav,ɔɪ,45%,0.4694300556641776,f1,432.9615190171724
boyd1_11.wav,ɔɪ,45%,0.4694300556641776,f2,844.0922894087122
boyd1_11.wav,ɔɪ,50%,0.48671405038822846,f1,451.06960390148004
boyd1_11.wav,ɔɪ,50%,0.48671405038822846,f2,918.8717876407784
boyd1_11.wav,ɔɪ,55%,0.5039980451122793,f1,454.6576562144431
boyd1_11.wav,ɔɪ,55%,0.5039980451122793,f2,1058.5759346134837
boyd1_11.wav,ɔɪ,60%,0.5212820398363301,f1,467.55158167953925
boyd1_11.wav,ɔɪ,60%,0.5212820398363301,f2,1236.5296288968402
boyd1_11.wav,ɔɪ,65%,0.538566034560381,f1,460.6129226010402
boyd1_11.wav,ɔɪ,65%,0.538566034560381,f2,1439.1942478172136
boyd1_11.wav,ɔɪ,70%,0.5558500292844317,f1,443.8103831075183
boyd1_11.wav,ɔɪ,70%,0.5558500292844317,f2,1680.111233263515
boyd1_11.wav,ɔɪ,75%,0.5731340240084826,f1,434.2242530113883
boyd1_11.wav,ɔɪ,75%,0.5731340240084826,f2,1924.9828636697548
boyd1_11.wav,ɔɪ,80%,0.5904180187325334,f1,408.8105685653652
boyd1_11.wav,ɔɪ,80%,0.5904180187325334,f2,2117.9688333199715
boyd1_11.wav,ɔɪ,85%,0.6077020134565843,f1,365.156659862564
boyd1_11.wav,ɔɪ,85%,0.6077020134565843,f2,2235.1832775084717
boyd1_11.wav,ɔɪ,90%,0.6249860081806351,f1,343.3710319749072
boyd1_11.wav,ɔɪ,90%,0.6249860081806351,f2,2263.7908152898526
boyd1_11.wav,ɔɪ,95%,0.6422700029046859,f1,332.80662233381923
boyd1_11.wav,ɔɪ,95%,0.6422700029046859,f2,2308.1129085496614
boyd2_11.wav,ɔɪ,5%,0.135532340798809,f1,395.1092462532588
boyd2_11.wav,ɔɪ,5%,0.135532340798809,f2,849.0749762568885
boyd2_11.wav,ɔɪ,10%,0.152625283873078,f1,405.42154010075706
boyd2_11.wav,ɔɪ,10%,0.152625283873078,f2,825.0292136113043
boyd2_11.wav,ɔɪ,15%,0.169718226947347,f1,413.3609537790698
boyd2_11.wav,ɔɪ,15%,0.169718226947347,f2,784.2072871002632
boyd2_11.wav,ɔɪ,20%,0.186811170021616,f1,405.15413392355674
boyd2_11.wav,ɔɪ,20%,0.186811170021616,f2,770.9619605936224
boyd2_11.wav,ɔɪ,25%,0.20390411309588502,f1,401.16826345491904
boyd2_11.wav,ɔɪ,25%,0.20390411309588502,f2,756.7205154939536
boyd2_11.wav,ɔɪ,30%,0.22099705617015403,f1,400.4000064979821
boyd2_11.wav,ɔɪ,30%,0.22099705617015403,f2,715.3620381352151
boyd2_11.wav,ɔɪ,35%,0.23808999924442303,f1,415.77090523100685
boyd2_11.wav,ɔɪ,35%,0.23808999924442303,f2,732.5737998934474
boyd2_11.wav,ɔɪ,40%,0.25518294231869204,f1,432.7037736418742
boyd2_11.wav,ɔɪ,40%,0.25518294231869204,f2,788.6120154655674
boyd2_11.wav,ɔɪ,45%,0.27227588539296105,f1,440.0695975934781
boyd2_11.wav,ɔɪ,45%,0.27227588539296105,f2,839.8542105952854
boyd2_11.wav,ɔɪ,50%,0.28936882846723005,f1,459.3794618366651
boyd2_11.wav,ɔɪ,50%,0.28936882846723005,f2,911.2788789805551
boyd2_11.wav,ɔɪ,55%,0.30646177154149906,f1,466.70267108744815
boyd2_11.wav,ɔɪ,55%,0.30646177154149906,f2,1073.9335295582516
boyd2_11.wav,ɔɪ,60%,0.323554714615768,f1,455.408171449908
boyd2_11.wav,ɔɪ,60%,0.323554714615768,f2,1235.2206609357156
boyd2_11.wav,ɔɪ,65%,0.340647657690037,f1,437.66774950262584
boyd2_11.wav,ɔɪ,65%,0.340647657690037,f2,1458.6778713449744
boyd2_11.wav,ɔɪ,70%,0.357740600764306,f1,423.89746372938606
boyd2_11.wav,ɔɪ,70%,0.357740600764306,f2,1706.6011787543187
boyd2_11.wav,ɔɪ,75%,0.37483354383857503,f1,418.4906453269904
boyd2_11.wav,ɔɪ,75%,0.37483354383857503,f2,1881.8744360793862
boyd2_11.wav,ɔɪ,80%,0.39192648691284404,f1,402.9156855537958
boyd2_11.wav,ɔɪ,80%,0.39192648691284404,f2,2005.555134427464
boyd2_11.wav,ɔɪ,85%,0.40901942998711305,f1,378.42430546469967
boyd2_11.wav,ɔɪ,85%,0.40901942998711305,f2,2171.6852564087812
boyd2_11.wav,ɔɪ,90%,0.42611237306138205,f1,356.76653528276853
boyd2_11.wav,ɔɪ,90%,0.42611237306138205,f2,2380.7894944239874
boyd2_11.wav,ɔɪ,95%,0.44320531613565106,f1,326.9390000268579
boyd2_11.wav,ɔɪ,95%,0.44320531613565106,f2,2350.027952996725
boyd3_11.wav,ɔɪ,5%,0.2151488237220608,f1,395.70673463059165
boyd3_11.wav,ɔɪ,5%,0.2151488237220608,f2,897.4314310804597
boyd3_11.wav,ɔɪ,10%,0.23304244670810786,f1,405.05827168638916
boyd3_11.wav,ɔɪ,10%,0.23304244670810786,f2,871.8649877282561
boyd3_11.wav,ɔɪ,15%,0.25093606969415494,f1,395.7616778800867
boyd3_11.wav,ɔɪ,15%,0.25093606969415494,f2,821.3044833865519
boyd3_11.wav,ɔɪ,20%,0.26882969268020207,f1,399.1625930835057
boyd3_11.wav,ɔɪ,20%,0.26882969268020207,f2,789.5168920482328
boyd3_11.wav,ɔɪ,25%,0.28672331566624915,f1,394.4611070603359
boyd3_11.wav,ɔɪ,25%,0.28672331566624915,f2,782.211915311031
boyd3_11.wav,ɔɪ,30%,0.3046169386522962,f1,384.487681972099
boyd3_11.wav,ɔɪ,30%,0.3046169386522962,f2,781.7018365615346
boyd3_11.wav,ɔɪ,35%,0.32251056163834335,f1,391.35506905597884
boyd3_11.wav,ɔɪ,35%,0.32251056163834335,f2,788.7237111668798
boyd3_11.wav,ɔɪ,40%,0.3404041846243904,f1,402.05891757452383
boyd3_11.wav,ɔɪ,40%,0.3404041846243904,f2,804.0494231950616
boyd3_11.wav,ɔɪ,45%,0.3582978076104375,f1,427.8762952164557
boyd3_11.wav,ɔɪ,45%,0.3582978076104375,f2,858.5406295208275
boyd3_11.wav,ɔɪ,50%,0.37619143059648463,f1,462.3018826462584
boyd3_11.wav,ɔɪ,50%,0.37619143059648463,f2,945.3609301452639
boyd3_11.wav,ɔɪ,55%,0.3940850535825317,f1,477.55679039719166
boyd3_11.wav,ɔɪ,55%,0.3940850535825317,f2,1082.7290776534003
boyd3_11.wav,ɔɪ,60%,0.4119786765685788,f1,466.9464771002195
boyd3_11.wav,ɔɪ,60%,0.4119786765685788,f2,1293.8411386029118
boyd3_11.wav,ɔɪ,65%,0.4298722995546259,f1,466.8050113381046
boyd3_11.wav,ɔɪ,65%,0.4298722995546259,f2,1534.492344767261
boyd3_11.wav,ɔɪ,70%,0.44776592254067293,f1,438.98993279104803
boyd3_11.wav,ɔɪ,70%,0.44776592254067293,f2,1782.092336164564
boyd3_11.wav,ɔɪ,75%,0.46565954552672006,f1,419.6128417070982
boyd3_11.wav,ɔɪ,75%,0.46565954552672006,f2,2000.4783832556511
boyd3_11.wav,ɔɪ,80%,0.4835531685127672,f1,397.11642719803774
boyd3_11.wav,ɔɪ,80%,0.4835531685127672,f2,2151.83780113622
boyd3_11.wav,ɔɪ,85%,0.5014467914988142,f1,371.00925947039804
boyd3_11.wav,ɔɪ,85%,0.5014467914988142,f2,2228.7852136887195
boyd3_11.wav,ɔɪ,90%,0.5193404144848613,f1,336.48745733679044
boyd3_11.wav,ɔɪ,90%,0.5193404144848613,f2,2266.705150922761
boyd3_11.wav,ɔɪ,95%,0.5372340374709085,f1,318.3995580071248
boyd3_11.wav,ɔɪ,95%,0.5372340374709085,f2,2368.6363291433127
boyd4_11.wav,ɔɪ,5%,0.12492172682156646,f1,358.3375207793129
boyd4_11.wav,ɔɪ,5%,0.12492172682156646,f2,966.5102887701005
boyd4_11.wav,ɔɪ,10%,0.14198295640328715,f1,399.1166639799115
boyd4_11.wav,ɔɪ,10%,0.14198295640328715,f2,894.5587564033449
boyd4_11.wav,ɔɪ,15%,0.15904418598500783,f1,413.7246134138034
boyd4_11.wav,ɔɪ,15%,0.15904418598500783,f2,828.9065905481452
boyd4_11.wav,ɔɪ,20%,0.1761054155667285,f1,414.509229671769
boyd4_11.wav,ɔɪ,20%,0.1761054155667285,f2,790.2838822284145
boyd4_11.wav,ɔɪ,25%,0.1931666451484492,f1,416.52517984442187
boyd4_11.wav,ɔɪ,25%,0.1931666451484492,f2,761.3539415107701
boyd4_11.wav,ɔɪ,30%,0.21022787473016988,f1,414.18248560493095
boyd4_11.wav,ɔɪ,30%,0.21022787473016988,f2,771.0082294875292
boyd4_11.wav,ɔɪ,35%,0.22728910431189056,f1,422.58015668219616
boyd4_11.wav,ɔɪ,35%,0.22728910431189056,f2,779.0365841821431
boyd4_11.wav,ɔɪ,40%,0.24435033389361124,f1,437.22844708521046
boyd4_11.wav,ɔɪ,40%,0.24435033389361124,f2,820.6688769537648
boyd4_11.wav,ɔɪ,45%,0.2614115634753319,f1,445.8644043343244
boyd4_11.wav,ɔɪ,45%,0.2614115634753319,f2,855.6713054340047
boyd4_11.wav,ɔɪ,50%,0.27847279305705264,f1,467.8298676228676
boyd4_11.wav,ɔɪ,50%,0.27847279305705264,f2,925.0136635362043
boyd4_11.wav,ɔɪ,55%,0.29553402263877326,f1,476.39807070371984
boyd4_11.wav,ɔɪ,55%,0.29553402263877326,f2,1048.6738713572233
boyd4_11.wav,ɔɪ,60%,0.312595252220494,f1,486.26996369467764
boyd4_11.wav,ɔɪ,60%,0.312595252220494,f2,1245.5538738878822
boyd4_11.wav,ɔɪ,65%,0.32965648180221463,f1,479.9758207022773
boyd4_11.wav,ɔɪ,65%,0.32965648180221463,f2,1447.952974581125
boyd4_11.wav,ɔɪ,70%,0.34671771138393537,f1,450.26716127152474
boyd4_11.wav,ɔɪ,70%,0.34671771138393537,f2,1753.9556265146045
boyd4_11.wav,ɔɪ,75%,0.363778940965656,f1,425.9898847493227
boyd4_11.wav,ɔɪ,75%,0.363778940965656,f2,1984.0679877831315
boyd4_11.wav,ɔɪ,80%,0.38084017054737673,f1,409.88634451450736
boyd4_11.wav,ɔɪ,80%,0.38084017054737673,f2,2121.4029802401524
boyd4_11.wav,ɔɪ,85%,0.39790140012909736,f1,386.3635365105856
boyd4_11.wav,ɔɪ,85%,0.39790140012909736,f2,2234.52278359035
boyd4_11.wav,ɔɪ,90%,0.4149626297108181,f1,358.34528971996673
boyd4_11.wav,ɔɪ,90%,0.4149626297108181,f2,2335.4520302954265
boyd4_11.wav,ɔɪ,95%,0.4320238592925387,f1,340.07459368071295
boyd4_11.wav,ɔɪ,95%,0.4320238592925387,f2,2304.9843267430538
